0,1,2,3,4,5,6,7
0.027930620692014112,-0.09260116115591971,0.028026955217330632,-0.0039389508455609625,-0.012206628235753907,-0.04809854751942244,-0.008552559298608252,0.036027966878401534
-0.13468605238123157,0.06526340595384568,0.0013277841246518481,-0.022355589142788575,-0.006812714650300533,-0.04818421424679197,0.010674277624191736,-0.008961630535501147
0.012944739638295918,-0.07776416912228014,0.035163504008509566,-0.03764662502419702,-0.05535733810574471,-0.052930764684383104,-0.021994412278426276,0.04010859789339512
0.002345439795514116,0.01818193667329389,-0.09575040424975714,0.06531834084586273,0.012154245338697196,0.021181477764579324,0.022933372109729462,-0.017496135659627432
-0.03598069095186445,0.03862135716305337,-0.0027235103230441125,-0.006541152408131726,-0.006342549297813125,-0.0387461542352785,0.020759864474298867,-0.05040895168265339
-0.1886602796367919,-0.018125141286732642,-0.016047680837274005,0.04376682149166258,0.03840713682931759,-0.02696688971231282,0.04330385410650605,0.00310307693486686
-0.09483476103033067,-0.03831554991352283,-0.03387585882344481,-0.05233301868083306,0.04239641861928789,-0.0018504262594937918,-0.00613290113656344,-0.004084076221342729
0.09873892584812666,0.0869453423649332,0.024968065799581995,-0.09827724781300991,0.04051195523318576,-0.045764007741058974,-0.029658338131780808,-0.030652539623864446
0.028683335073606903,-0.04191691430587153,-0.003649185473343359,-0.020990628283599565,-0.026370641133193064,-0.018640482906628883,-0.06908801946605905,0.046007349800217326
-0.01009107114432731,-0.023445067049096196,-0.03873530787848699,0.10514532951926857,-0.0011913185969628392,0.010656514321500157,0.035531667836243896,0.040408633365235515
-0.183419417624975,-0.0728738088597797,-0.011022859358442041,0.03128670574207823,0.03469283585020865,0.025298836609218323,0.03916163715570052,-0.06738669449387885
0.018879673019015882,-0.030087370087288248,-0.09288720312641006,-0.06863429374397016,-0.022697424245898313,-0.08235754261885027,-0.07302624886885858,-0.03176367222536218
-0.07593231712907987,0.046683872221133904,0.02491020985220537,-0.0042546064552519336,-0.017703551567654116,-0.02373659269019009,0.007364917535448296,-0.010222408994211792
0.015147351230261563,-0.030969248693294985,0.004196545056811255,-0.025681326835703552,0.009950065577289923,-0.002705714591868658,0.032386466248148414,0.03940460233610237
-0.08016949401374768,0.08647077397654873,0.03889046627287431,-0.023748905123217402,-0.026777384089436966,-0.054821614975327455,0.011538918154208629,0.01103269146388748
0.14048809244723498,0.04518972397153251,-0.09435415482698056,-0.0376884201527671,0.08399335194633356,-0.05015208205961634,0.065796802507399,-0.04198923141747935
0.007586003019904041,0.043394696102913174,0.09407065301523974,0.06540997542708775,0.03388685405158187,0.013240174048007734,0.025283573762332808,0.031065455757223286
0.10883919751045815,-0.007068192543317687,0.01791214274156768,-0.0590014465721357,-0.00935846466802931,-0.04187572825486623,0.012546334671455413,-0.010241294887692057
-0.054994799338332116,-0.020372570503214102,-0.043023558577358914,0.04328585219707823,-0.021192557082795816,0.002991378075595484,-0.0027357702924634586,-0.022132698335196047
-0.08426513513724923,0.044180679333768735,-0.015327301372986997,0.025201441628431857,-0.006961594909176327,-0.01645853942399504,0.01567452421924357,0.018116668696623123
-0.09559554680633799,-0.013794140359270518,-0.0177435904994215,0.03132421364142469,-0.01428630892544018,0.061315709464626056,0.014557202383835165,-0.020234655504213363
-0.0918719734795934,-0.03954236967049625,-0.029582419047290618,-0.02541638046703496,0.08725862141038596,0.009301143841218213,-0.022035269406254446,-0.005315398022327417
-0.07972680288072928,0.034231611648306265,-0.02851009352711684,0.043368017947762585,0.05770228790322378,0.002466730229760252,-0.028209789108387975,-0.03086037408146924
0.1794863842377937,-0.08392227363252922,0.051835585806257384,0.03428151275572751,-0.030647246157024396,0.09027685259206757,0.026593588287547612,0.05183875775321184
-0.06133943128374771,-0.011865240681000918,-0.04369724930201685,0.06913426588163389,0.015364972972957485,-0.04281476221800047,-0.011184465083249688,-0.0002452458757602581
0.003923638201544333,-0.05108282448864789,-0.10535648849300465,-0.0050931378110241005,0.019373743732542185,0.0011920391381271133,0.02300840013482434,0.022002722843380482
-0.18482853739742686,-0.04678732866238232,-0.00748051510825614,0.044537508025273856,0.035117790757547174,0.06665541768008762,0.030769547805289673,-0.028251459091164177
-0.04969677319904416,-0.02631179733833485,0.02688306685009338,0.07901617880018899,-0.010591173701023544,0.028213633251264688,-0.058977479992862215,0.02225992339972935
-0.08367882089678916,-0.002873579132746636,-0.0009006782642847899,0.0036931082769311565,-0.0989913325440961,-0.02371863376698951,0.006618273101039051,0.02410469155219193
-0.017188559454278628,-0.06699034638134409,0.15567365153211415,-0.03185137479286172,0.002484046649823134,0.04602725294361799,0.04543274011899091,0.05235807012392541
-0.05586119037844338,0.017026113355642386,-0.00518732680894638,0.06969495977825674,0.03376851646844528,-0.008584308495446613,-0.03593025441215311,0.010173267764088743
-0.1649685297385015,0.0310718949217395,-0.004616566589647237,0.0020038548233818074,-0.02988602673048562,0.02711750227588706,0.008315285955497877,0.021807520967675718
0.12405606826938224,-0.13990241473911494,-0.01834917892847644,0.030325309849618936,-0.022743308599137865,-0.05461784912358706,-0.06542770330457237,-0.003301845586008823
-0.13651376616972513,0.025920124217482084,0.11226941394116728,-0.0035825407196974045,-0.018777775635790493,0.03828493087211382,0.02344559979725386,0.01706704612066721
-0.14016243245421176,-0.005633708089222992,-0.014304737429544618,-0.017268388300068157,-0.06257822548811606,-0.020816685281706934,0.005476211755503809,-0.02094809899898668
-0.03343967460638976,0.0895441057950532,0.06466686996874246,-0.07514935192541779,0.00090934040268613,0.05342165232572349,-0.0019287266186910589,0.10095655437230001
-0.006774479751862233,0.021025517564562186,0.07500847803196353,0.048798870950129615,0.006816536007998181,-0.030273149581449003,0.05544806379968297,0.01895019804258249
-0.06694440761400433,0.007152540951015384,0.012302970024852807,0.05113647649077058,-0.034773817714400725,0.020374950438954313,-0.0021778957330458705,0.04225309863418868
0.18519145636281228,0.020870284278577466,0.005175057141087324,0.004569622102298035,0.071600139256629,-0.0352203123259908,0.023024015423418406,0.009199042059990848
0.0072874165707528275,-0.014953805169448954,-0.04640612195797639,-0.019908830403050443,-0.01902698949979851,0.020804887106334737,-0.024524992517396184,0.06681277407236448
0.11550783786022906,0.020419260258006052,-0.012261892010947472,-0.043634509919318824,0.030429664362253025,0.06309438120356092,-0.02838916351625589,-0.02246496244867195
-0.17446288895567116,-0.024740264618529424,-0.0719915345490677,0.041869550170191824,-0.01118197445847027,0.07352801501201929,-0.0063949583686323825,-0.000261900261031188
-0.027650631090789933,-0.08512872708998385,-0.07330397383704,-0.00828466486192862,0.026288392072641418,-0.009212804890578082,0.012988775613418258,0.002084779235750092
-0.08569141699420765,0.09886993553059129,0.06799665336835099,-0.0024029859904066476,-0.017739061596753473,0.09069256405190747,-0.06608085885696907,0.030726901985983875
0.09679999577301056,-0.07976081272576352,-0.026986211411534747,-0.005530175624270805,-0.03552328370886949,-0.05749042049888199,-0.010581113454874455,0.022811752752475354
-0.01014732304550213,-0.023365714309052234,0.0010266983674770342,-0.07109190562464572,0.008630457956960469,-0.043394669653384954,0.029459235646336755,-0.009257406136451235
-0.11557058934262748,-0.014848798201068207,-0.03416944150773586,0.04932368223406755,-0.002043975566043398,-0.039807536373741875,0.03554836713390194,0.013385938340286679
-0.16176505139153818,-0.05130390982189608,-0.06876173369132405,0.03503961447037855,-0.02020903787713301,-0.0018087025139696229,0.05772505875872726,-0.014101799097927243
-0.04070250899940877,0.019469515471638863,0.04611315155818876,-0.10559438396940292,-0.0018307689671811164,-0.02256580624020642,-0.0203689055918287,-0.0018501037432077359
0.061260713368955964,-0.06879123741177291,-0.08415755106775157,0.004235214348479611,0.0119703179965582,-0.008237370847532437,0.02296414184576538,0.009009504551472928
-0.049235490708955616,-0.023337455643993896,0.055932068645752536,0.01632019628092939,-0.035612033459719195,-0.0030487731101446276,-0.006029364971143719,-0.03248843924266005
0.009784321955164066,-0.07297341562508114,0.03617073145299748,-0.04423617215809697,-0.02180610817271109,-0.04314072569115816,0.0006346276545350107,0.009997677621338673
-0.014618861506408098,0.07555837133308971,-0.03425030871391464,0.029352924248593436,0.03512027309312113,-0.0015420332629833356,-0.0027895550954540787,-0.02178948401881209
0.01346657545704047,0.031509166251000614,0.04507077651733435,0.014498523405172358,0.03657393301432896,0.019556666432162806,-0.00865328797156376,-0.07982540147692191
-0.04088481701938683,0.05951561935955151,0.017243787815603755,0.044106836830604255,0.0539221064147678,6.777047113936338e-06,-0.03706223804401714,-0.01088786701297659
-0.11662095224230387,0.06089802060203006,0.009355109099091674,0.0042563784341361375,0.021205429677779625,0.04479093278172624,-0.022893635121300035,-0.015092771164213254
-0.015201181963917756,-0.037351244348535886,-0.029925388154474042,0.08620182624331145,-0.017995939013877527,-0.010089090871284657,0.01097575892552549,0.015911664738628272
-0.20513847280352315,-0.027131018548015192,0.016100818676584746,0.009332569979999745,-0.024221515732410225,0.0009095812550407168,0.022090743879271634,0.0041191201509408045
-0.12590508768505776,0.10604770262052367,0.13264628639889361,-0.029877202597778908,0.012367465431107467,-0.006372538871309339,0.06857099013213153,0.03199841286004498
0.06899411550877999,0.05749086448228576,0.030675497820055322,-0.0767722094048242,-0.005823621725555705,0.014807373128233759,0.01762950289787588,0.031169619496912927
-0.16425323022677435,-0.01758540669193854,0.010720485710392602,0.05504145704130511,0.024754104351638263,0.008271375369605552,-0.01359628580204515,0.016563837526695265
0.03577333713972217,-0.10059644431833742,-0.09292296309214935,0.011879369510827091,-0.021695360466571247,0.0392199651168351,0.006928401518150322,0.023142662265988243
-0.09159292888490897,0.010419950612406293,-0.010584343610097155,-0.05180502628679495,0.0461317923371735,-0.003969704208768738,-0.05446584927190005,0.03330299178714119
-0.05323361557395716,0.06150519859179626,-0.08908309716721229,0.0051258816975902665,-0.02026131466351794,-0.03250968528150068,0.003841490772921079,-0.01765303143648085
-0.05724086360704311,-0.06998155767342412,0.039246639861915865,-0.06405342083067395,-0.05698346390218039,0.022585073890040143,-0.020471517817330108,0.03143599155635386
0.0824607457251101,-0.051009015804504516,-0.04688059763708762,-0.014690037048539576,0.04900592946439113,0.01584206117719872,0.057761962211199794,-0.0326403423534564
0.0476614786664623,-0.062390638053529186,-0.08165158576129362,-0.031772899158359756,-0.022073142570488976,0.024477169071659807,-0.009237176314115757,-0.013611030025540512
0.009971252630697147,-0.019372141657191956,-0.002534320456496955,-0.061650497256856486,-0.020993791090400168,0.0011200509432760404,-0.01696431659760316,0.013031741296180666
-0.024269503755213813,-0.04267928268102272,-0.006338055093592349,-0.0604431579091558,-0.03782166640053271,0.018711849446150057,-0.011332752726912374,0.021549664262985924
-0.09412818453192577,-0.05021297291044343,0.03577889251245426,0.005049253989544124,-0.04288147660417378,0.028838190467029907,-0.011044541625129444,-0.05677665737799435
-0.08434363503183462,0.06225740810904247,0.03768020584642759,-0.020775229123721876,0.002195322167833339,0.06144118510395221,-0.02090829739514987,-0.044427154523357194
0.08470711589770465,0.009746930345251842,0.08062098171502655,0.052555544641438225,0.05187520193066754,0.000407273164923712,0.016982943029609683,-0.0691810722834834
0.08048045166029959,0.09467957006080481,0.021744577240995346,-0.06122644282582122,-0.011604226929102103,-0.006173392582817999,0.0444279603026402,0.09137805615612964
0.04895457379158312,0.025906209677728675,-0.039181736594407025,-0.0626998489929122,0.011643155830091354,-0.009183554664952017,-0.0019435177604309997,0.001457187971971714
0.040148437679339496,0.013542477255198162,0.07520468616069205,-0.04040969251640124,0.06102633603083513,0.04633917568385776,-0.01693323157031573,0.006922250825570033
0.0030006886922582412,-0.031532594837429345,-0.02673223043217955,-0.039036429506547655,0.0019035199052794267,0.045336398968622946,-0.00132590466353666,0.01313270918547263
-0.06256814216552917,-0.18123677797051763,0.05709415494761843,0.014687396806594361,0.04781083234280136,-0.005048132289120976,-0.00542493695450061,-0.021735347599540118
-0.13320001542091198,0.0067665294428895404,-0.06113954801236267,0.03961592444736269,0.02094759894969928,0.04724079884394639,-0.038401260970883755,-0.020628978637346838
-0.07474727913096435,-0.06156503882578281,-0.031495551413458764,0.023852278322809697,-0.07782288497515696,-0.030336293899998475,0.09395866603069007,-0.011151213101427339
-0.0800464438812858,0.04288491687725175,-0.0778106571733394,0.030258719021244614,0.05229877134016177,0.00942643102614045,-0.014259482829198368,-0.049062972591757674
0.05755721316857795,0.10434141224262483,0.06568509716656944,-0.005321142220374263,-0.01836875061802118,-0.03508321494754931,0.01325192201086004,-0.005514096089684735
0.029140276537410095,-0.005131906108796331,-0.04857964816885077,-0.05560917079710479,-0.011694686863486363,0.007281672843404777,-0.009431977222566794,0.008348239156822155
-0.10996594183871325,0.11434818292203175,-0.0025101341273355065,-0.018550881294579127,0.021820195192343596,-0.043628170289439584,-0.007323473018127219,0.001017568783288016
-0.09916779233292593,-0.03614669552815199,-0.01994238227025346,0.05755651539135446,-0.02161862171986796,-0.01451945270276353,-0.0031061387585629703,0.012139643423021304
-0.16979824968456747,0.04604689144246369,-0.046443801500514886,-0.014308263154908829,-0.054888069108773266,-0.06487015284595248,-0.006020963069098749,0.029368349714157565
-0.040223806310101584,0.019549944313328963,0.039335095639079304,0.02947335747923021,-0.025900160524415478,-0.10306449120768536,-0.043211942252081546,0.012858143087255624
-0.09983962529817635,-0.0561058457614016,-0.09605623258840475,-0.061346166047204886,0.034205428491252125,0.012193324640569568,-0.019800078625898568,-0.042826348877141415
-0.010218523933474145,0.1158776096862184,0.06778226639647282,0.0015656415704145108,-0.011346954685580207,-0.026177724656353877,0.043816852987899335,0.042155954601999335
-0.07489571090748709,-0.024599936724009522,-0.014347878726873275,-0.02950604304610543,0.03081385929208953,0.10863319137165066,-0.042211760105287814,0.0331804818951796
-0.08273730012297151,0.053662416935561084,0.013321417925131336,0.017893969404215164,0.023434126619032603,0.05514067393170922,0.004144466468294567,-0.012605618802361388
-0.12908326792443053,0.03498664152704662,0.058190948890675095,-0.0018633822485969538,-0.016000750125566364,0.029538558006211788,-0.04652186411563795,-0.0009846300744598953
0.08507171654468045,0.07409601583571933,-0.02276910131080333,0.03605305175932173,-0.0640809797586032,-0.0064559806296553566,-0.03692732753186602,0.02676988023048495
-0.016667434166636592,0.0292272646469435,0.09441555051713969,0.04130653182650148,0.0631316912925481,-0.0035528869910395975,0.040087628954202446,-0.028764448216748166
-0.14110934260374947,0.0713799156200085,-0.05324993812104968,0.004514445168009086,-0.017522119986124785,0.023254360496600287,0.0067435749640720665,0.0287786882059147
-0.12086161213870912,0.059310403592443016,-0.025336447226997287,0.03214311950340482,0.053455268322882055,-0.04486198732329331,0.022426567901946033,0.007880477818488229
-0.07929352415168424,-0.02625313738733724,-0.08804575893301997,0.04343356525746946,-0.03496581974207866,0.05478913465078242,0.020845288387197507,-0.01735104080301815
0.0926083087779615,-0.062181814285064294,0.03598608775778381,-0.028939962717811685,-0.020117910859043756,0.004424252381504371,0.034257363358526964,0.007109414267797438
0.07817137899091886,0.012179121328805166,-0.02366604762060424,0.08807821744802227,-0.0017769685072428014,0.028285561291108385,-0.07953325566875963,-0.0069866268571184865
-0.048480853164304956,-0.01937376332098504,-0.007928664036914957,-0.04253097519072496,0.013827740518498426,-0.04412904353786466,0.014335716211825705,0.04537981662545066
0.002855207556298776,0.0533629924126575,-0.04591543440911787,-0.009788852900661966,-0.022037514350591033,-0.028233026162237832,0.06357227878983485,-0.05053570572493711
0.034704451920488925,0.08783250022628787,0.0026165051628170774,0.028664547546711973,-0.021654699630043038,-0.002855452557296487,0.0030767300025816473,0.024791317183363918
-0.014707186435639829,0.01795817770564035,0.0744687662501452,-0.07571986724679323,0.06103767475487398,0.031184818034964614,0.0032011392689276306,-0.01584163341433607
-0.03775131910268379,0.0747772411498241,-0.017808517544917874,0.07043350152670214,0.07069742073952488,0.014414156504286109,-0.01588243601589079,0.020774051523277586
0.08812271675057777,0.013068549430969101,-0.020845003378632217,-0.0560323544833422,-0.010730049242565667,-0.07152995343948355,-0.03458493136204149,0.008029526846552225
-0.07675022848234647,0.0052631084505696405,0.009838708241507121,0.05502818814289583,0.02272885311827649,-0.0771434179163292,-0.0463156874381096,0.004050717501320695
-0.019577550949185802,-0.04438015754683469,-0.01136368150005851,-0.053766843161246594,-0.028335881063970128,0.035841239648127125,-0.013691548630438992,0.017129681459286554
-0.16084224463790123,0.00441549288444017,-0.074339528956753,0.01796314191759374,0.022525248579472867,-0.009075660237057347,0.03253347828434984,-0.0326189487057899
0.028295737692196458,0.003931575554839897,-0.05979010099549251,0.028851693015691078,-0.06526691636504679,-0.04016111797170606,-0.08131810176578035,-0.03301881319366492
0.057148021731410655,-0.13432926758552455,0.02242594077172473,0.014402008457443063,-0.01620367314518104,0.010171299884011387,0.006174865448101491,0.014266735406759773
0.090522251734128,-0.03833024341014415,-0.009401751006214517,-0.05440014065328536,-0.01602845858378499,0.06538387195907844,-0.06140035261422161,-0.045013822657222466
-0.09686051367164343,-0.03637762769581391,0.0352967387075299,-0.0917735036939863,-0.0034324518891449243,0.011438012241385017,-0.08326692495929122,-0.019698150270584698
-0.05807954611498148,0.08025879043629312,0.02400422938421068,0.005874888638211652,-0.014159711527575407,-0.03556801083310255,-0.012602290584708409,0.021962427050476987
-0.02721692580331559,0.024940649753496268,-0.05399427596504121,0.06715481746077136,0.038196554630024054,0.011680126309023526,-0.02755357000463105,-0.015024141673416237
0.12224140132546149,-0.04690401193930307,0.0294413119366085,-0.017203968850375694,0.02144626750132897,0.046667054765184755,0.004486668694614896,-0.019259705572130824
0.10154405236549956,-0.03358169892872771,0.07066948128406557,0.10941359451632852,-0.013311827059068134,-0.030860072573619793,0.029411182008994192,0.030593710828546686
0.13353678432030122,0.005427697301382774,-0.09430979426208963,-0.006704376764186656,0.012012529280210809,0.012639911592669823,0.05200923886045439,0.02647061610747664
0.10680480778489496,-0.03514809085800408,0.04594488671810778,-0.02113150586040498,0.018516700481736606,-0.03132402665377577,-0.01359171275088013,0.002644413727200454
0.16598507030358947,0.009191421144091405,0.061326675906928654,0.021688755461099902,-0.038032078223926284,0.08132169865768228,0.03976457552421067,-0.08426361215261709
0.07508208905423341,-0.020228363820182678,-0.045771923450543435,-0.01147562719867642,0.06028016226494525,0.05108539779488438,0.00456798900661621,-0.01856885438916088
-0.048679792134727805,0.011692909549929461,0.05429576854456309,0.015396122670283246,-0.031861122469280564,0.05201537066303606,0.03818257124523987,-0.005501330431537791
-0.05201710437006851,-0.022938560074623582,-0.019648919115089692,0.04729789625943904,0.017688056720033162,-0.01993964056971333,-0.006792068417839677,-0.045033015154988705
0.06308221471823465,0.006689392131864675,0.02142183442711182,0.017476374334709183,-0.06023976497908779,-0.024359549771548833,0.0011492994265741145,-0.036299626995856565
0.16207914592033268,-0.016152075904033843,-0.009273925308425489,-0.010871085683344847,-0.007382274786934662,-0.019178088125786558,-0.04638900536936773,0.013955853065365823
0.26964699325083114,0.10284053199826676,-0.1346019406249072,-0.04639629655287489,0.02030263432113256,0.010595328885496889,-0.05953687918665942,-0.040349900691093524
-0.05943232569457907,-0.00957332161816742,0.042186253644285354,0.045889269713391564,-0.0015688140634657732,-0.017453807963689963,-0.008341325849274297,-0.0017271585079911124
0.013250700179122938,-0.08705512896512986,0.0029487060931427038,0.0012951210126364195,-0.011622072241592347,0.03209788023590258,0.06270957788533793,0.05182275421902623
-0.18915479410800604,0.003215407761504943,-0.02072325489067236,0.01672837130037613,0.0438766056905042,0.003042073652600709,-0.0022937844616397448,-0.03517766620469481
-0.037381643242400855,0.062482570921761814,0.017325286885207195,-0.0677748684135151,0.01655385774902978,-0.0701997574906719,0.023387150486168313,0.08113156423264671
-0.10967897316992493,0.04758407476175396,-0.03855353555839209,0.0058584127838667375,0.012851519521298082,-0.015526018585424491,0.036060620199530054,-0.01719139406096405
0.0827347475909177,-0.0033085020425507776,0.022178299955866596,0.055438472453331555,-0.030142858167578553,0.0854355910004979,-0.021407662602670758,-0.0340265165217532
0.08358859348805794,-0.06574369707486069,0.05460561320928497,0.051790485623915715,0.1226469600971828,0.012424075332689044,-0.023769240150620444,0.006229344017220103
-0.1439498517413777,0.035757275544643474,-0.0891387510441837,0.01896688713152544,0.017843441026494707,-0.0018121835913981756,0.024426900060694708,-0.012440083692334021
0.034085813444014165,0.02602736005296132,-0.013813117640292685,-0.0634505208754386,0.013823376720086553,0.020321546586938015,-0.022613672065248964,0.004902042751128727
-0.13397969769824478,-0.08278509518960644,-0.029565526346711092,-0.04713856080211791,0.01691565797491555,0.017161702840699573,-0.012207739702107891,0.0015025171573468741
-0.076212274899833,0.058307112820053825,-0.017936450272090582,0.06629837355658698,0.04941333378638562,-0.027740096166659428,-0.025363952842256843,0.03681624167374171
0.04029006050512891,-0.07965241241646302,-0.016049081183251265,0.09623646541581882,-0.06393070831148608,0.03799919866340421,-0.015265583135703422,0.004569119888584481
-0.19220794435185848,0.001439250439685046,-0.02409259850166983,0.020825500513833493,0.02503442364381527,0.054700810694929346,0.007386129700081178,-0.017411863017113383
0.02628934850621189,-0.02248159859705161,0.06716532443722029,0.05871279091718207,0.025469685858665828,-0.0561410647579519,0.02617601557561387,-0.037322344083817835
0.08791557595732091,-0.09737252643265376,0.0959947152487753,0.028658566585149096,0.03227447952275175,-0.005187774775064929,-0.04304509068713612,0.02621693775065698
0.026757719867245077,-0.056101320985853124,0.061418817001192554,0.07714705657149958,-0.024421222380723594,-0.037523582723686257,0.03136301645912521,0.0011056258500444932
0.027015771795096497,-0.06614555957890678,0.02829865239875366,-0.04728583676893722,0.004012067071952461,-0.022649084960557744,-0.03063271791336668,-0.02646670787244215
0.15724749714615693,-0.0010494765925593088,-0.08395139505758288,0.08496675371111574,-0.04459149789998976,0.09139579387268994,-0.05243907074389665,-0.03674294806828897
0.08179440595280234,0.02796897246937801,0.026894223394493016,-0.04603217283936732,0.01766069531700279,-0.02062682334393585,0.021725905965771716,0.030376694488393294
-0.07409513365530947,0.07535291140556542,0.011954351089561964,0.023153977588765765,0.03295018825783628,-0.02779178415388799,-0.01446861259619591,0.007348826694487877
0.10239965699974315,-0.023533530784501457,-0.05280736729206195,-0.026248353708146568,-0.02062619190020781,-0.027599129705054157,-0.039380251344479485,0.011673594858660917
-0.026845428118167525,-0.033920556353816494,0.05365517106229878,0.10854883346135812,0.06075961796215469,-0.09843665496927811,-0.028989588454228266,0.014120779312203098
0.07135557158559679,-0.034369313661426114,-0.04634867331256001,0.010079372413524896,0.03615035788022991,-0.01670230086732894,-0.0271881849173118,0.025519845035474383
0.05759801726878397,0.0017978940872687215,-0.03280050958925623,0.1083630174328706,0.015903177685104266,0.008879380873567733,-0.04518142114306052,0.01373255750599438
0.006971404423368242,0.03196070230007229,-0.05189597165062914,-0.02187168546876308,0.07275910904636781,0.004328205937160764,-0.039299332366862595,0.02548233738926794
0.031092807508848644,-0.07393658797975328,-0.10829339116030344,0.007760714989993201,-0.013625665639521336,0.0009866147318769811,0.05166303650965139,0.041949863154782926
0.005725050891817585,-0.037511428917537566,0.032156555163281024,0.0565917077311762,-0.022516283573406248,-0.055015397111751456,-0.0362348330651967,-0.022692597658981732
-0.06148291010912123,0.033592158578394406,0.03998441352607664,0.024462059705829615,-0.005611672003838026,-0.0015088176812961742,0.003819628717093886,0.007185114292840559
0.15662188352468717,-0.024870902282416302,-0.05184352863882296,-0.016578291289856068,0.0563126559661811,0.035727441944069814,0.009978595386968946,-0.060523427301976775
0.019992775088348052,-0.021633845000430304,0.03277625356738657,-0.08444994308280199,0.019244057946022575,-0.007444999506397462,0.00456295563624949,-0.04949092105389587
0.04897144606200045,0.002833669510310601,0.02114122703267809,-0.05482248057741921,-0.023113255009658083,-0.01945794778405715,-0.023588932576250658,0.03483300819246251
0.14049289298558174,0.04211480261058387,-0.010834878869954538,0.0005924780537212223,0.08081482645258137,0.003751153795153876,-0.020174847928688164,0.01852656323951252
-0.07955675627059197,-0.007554720429588357,0.016484765121426694,0.03056961489960443,-0.004425462351354002,-0.01845472358735446,0.011639759715107483,-0.0156718124555095
0.04526367741501941,0.014534557155532046,-0.039594050923818194,-0.052871804708662734,0.009134818872831468,0.03749898213610668,-0.0012429426089553802,0.005823556340679115
-0.07383061492526893,0.04908068540488555,-0.06752876997525528,-0.011011493217510198,-0.044930254176224496,-0.002189329968700843,0.009997971474957904,-0.02042229701986877
0.04767285845746708,0.0027008295597246916,0.04469210773937923,0.061169796711878485,0.02779132024213821,-0.05082356744943312,0.042050705782247164,-0.026169833339786865
-0.10897928390778054,0.027194943284758258,-0.04171270844292395,-0.005867068627675017,-0.048583856319427465,0.005125750854768185,0.0044261115037869374,-0.009073355693978142
0.2439688701056837,0.05827340441758374,-0.053707004675232366,0.015120370195366236,0.0910485555480722,0.025535110342241006,-0.0033273986600262655,-0.007167942190490598
-0.05515016419152499,0.0013847132965013236,-0.05220725757446262,0.06435374171633919,-0.012875922350499025,0.012903126557197477,-0.04973413983350736,0.011970926344259756
0.06641129811719435,-0.05085713341735666,0.06722164843647309,-0.007297674496662543,0.05841066209173162,-0.008245580555119815,-0.05737033974680126,-0.010201126400873626
-0.03662848619788358,0.08281806239647968,0.08809902632277769,-0.0024253599660613123,-0.01059136765839098,-0.004102342364600366,0.032900675581498784,0.0189584087727496
-0.13468148211447328,0.02110243482726484,-0.01047660315287693,0.0051048064749934135,-0.003613572038656738,0.03840763258008983,-0.00034139978759188303,-0.020758164744061215
-0.16241399317889804,-0.0839327165429076,-0.06132567887526105,-0.0515414383475068,0.02317782704708843,-0.040309595462548586,0.01615787342448866,0.00251983463890428
0.13698236943002512,-0.014479460119282193,0.0746168879429067,0.06603085528008698,-0.05773018812519975,0.03835726963570043,-0.012085148908406347,-0.008699658794988272
0.2006421409712585,-0.013747385359199473,-0.040951084386336586,0.014403937799610283,0.0034564097136700815,0.07521977258792199,-0.03800609949136377,0.014242767529775139
0.11192960147690759,0.007137282579982919,-0.006321193579911339,0.056656374883580086,-0.030433880427525935,0.030554733612065316,0.1258741340414341,-0.014518471880733871
-0.08760821938843996,0.01173805126439463,0.016099457920294033,-0.0819878819233185,0.013093592563032849,-0.006870514351872897,-0.06417831787628799,0.01952156307117336
-0.14701186963680196,-0.034493077185020066,-0.05012100311030272,0.016162195272878533,-0.06599036709213267,0.008442763930643221,-0.013527698180002734,-0.00339752566378999
0.1362685633115536,-0.021281723345407344,0.03300557233730769,0.00701722266353635,-0.00741667044187414,0.03903082605924687,-0.023953796446472556,0.05595390017809351
-0.11653765126955283,-0.07797717976877054,-0.035570098752218136,-0.04078439489431233,0.03674861693831102,0.01134116936635616,0.05824754673839601,0.0011982084544026527
-0.059183418365892616,-0.13132699132919465,0.016866753330124135,-0.005043631840940699,-0.04209614204150887,0.02434963843988281,-0.0037015706829965733,0.053703570607203835
-0.06138050812007276,0.006896694338678399,0.04459668951243059,-0.01742787273374662,-0.07590179156333898,0.008859043093810989,-0.01053935819541199,-0.023357443172196315
0.05367606000599027,0.00020107677296615824,0.04134011547576683,-0.04972055806235056,0.018510413832903198,-0.013888605856779736,-0.019951800874779813,0.00823274579973262
0.10756676058647321,-0.0010166957337500802,-0.02680392822734746,0.046714825262302806,-0.09049523102902647,0.010073848583065884,0.014366207125285716,-0.004242025539774917
-0.05977771160574766,0.08785208597902232,0.03535509008512003,-0.016078383258894918,-0.024760250961227578,-0.026749181036883035,-0.03148326892518482,0.003565948944963
0.02911842879498366,0.02707826663052238,-0.060100185935078765,0.03060305844960136,-0.019109864179734724,-0.0028705669922062054,0.017069940091637786,-0.038031337762111275
0.04434218511349587,-0.057171531347482644,-0.03656068108669458,-0.009206187283450988,0.04338701634132113,-0.005793016143903398,0.021366962805356857,-0.009886167174039315
-0.033130298443305777,0.105693177263119,-0.027518586147679765,-0.03673826048178605,-0.0597674658407789,-0.039209010614378564,-0.0002067930875727531,-0.003547621552095216
0.13444681472878003,0.026789614590062478,-0.025643355874889043,-0.06399876038969085,0.012052110473489882,-0.04869279921592719,0.00970394547756228,-0.02744316916062861
0.049717461029619624,-0.034276944870249085,0.05805398142417515,-0.06171606884364374,0.010516118434148547,0.03666267348890921,0.019915669283988757,-0.026506033483857803
0.010943876115634068,-0.028686831380230465,0.013566260155031649,0.05719636846364754,-0.054355957016774224,0.023484899255114967,-0.001691902494747089,0.00393257677226933
0.02767723068638644,-0.07940854673980652,-0.07207097239448498,0.014220429870327756,0.034584074934725643,0.016914002078331238,0.07382682936652367,0.01835080168977989
0.1046001546793496,-0.01851108993753417,-0.1424985425567625,0.023811608246264382,0.042127921829507226,-0.03208811136440898,0.019437724356880286,0.026883577270898247
-0.21466104597519378,-0.013455599113633377,-0.01047678548912924,0.013963022342046268,0.02302594980151671,-0.03888945221774924,0.019092992560583975,-0.01584278733619645
0.03827054933684225,0.10960450427032326,0.023815192169145596,0.004081995747857197,0.03245340724552273,-0.027315332114045278,0.010826399656232518,-0.032438122008897084
-0.04902083221348839,0.03601598893457663,-0.010232626503511118,-0.011020859794028007,-0.01788780426487461,0.0014840240313430827,0.033149909213604896,-0.048002028987489204
0.02476580104601124,-0.02335545702124352,-0.006709505687526719,0.031382609599546966,-0.033600976655820416,-0.01225362332678747,0.03747192661522212,-0.0498163342376562
-0.07741283224915291,-0.101010151360891,-0.010875018754286318,-0.02991148987436501,-0.02721170967092702,0.03398308997421067,0.023992125411022063,0.03373938587716819
-0.02825571703572714,0.03288999036989955,0.0242318593257638,-0.0940998797848492,0.001780820748843221,-0.0509091566529961,0.004554423018137288,0.020352808382908497
0.10900687744987685,0.041157865980766956,-0.0966925735915756,-0.042596075695624486,-0.025698202071715828,0.025090967810969023,-0.01256064387041661,0.0329814336722433
-0.07263597574693183,-0.03740382976633337,0.012791409604101743,0.04294270719881329,0.028791434231597884,0.05441202472904605,0.049119486462110465,-0.055735813191912474
0.08954723527539672,-0.012070437330213974,-0.01624452740082499,-0.03595524979080727,0.004705764488602897,-0.009378077759869284,-0.024563009375030018,0.00010049480878830912
-0.03310096756487052,0.08246204485096095,-0.027226321716899524,-0.0012401897566910237,0.0009139832185922111,0.03374880305397044,-0.013067935372548327,-0.029238514156418455
0.08878738722284851,-0.0597071916586759,0.029137993474209214,-0.0449490173335472,0.0011814231186040966,-0.006731344419260925,0.006689109042003736,-0.03646979435049605
-0.10145651317631535,-0.034413741407292704,-0.02425710961882811,0.06524238950221069,0.014286933802525388,-0.06132326174955549,-0.05361890311692564,-0.008250173634908944
0.025491924605674086,0.056372162436859996,0.06452106527938786,0.010974329903836458,-0.032647038761033656,0.026141121981881822,0.09406909192036862,0.009405736926935965
-0.002135804298864997,0.10892077778806171,0.0422594757242293,-0.04157960433742424,-0.03172529996204372,0.04214117332327914,-0.01923182724056274,-0.03864952985173068
-0.06402678812832847,0.0013191531658620023,-0.0033734796589512278,-0.060457031047882616,0.049270217966203705,0.056124708177926586,-0.02202486736981989,-0.001240921464582917
0.1442663199293592,0.10055944995420212,0.011680483025845602,-0.07368392301952972,-0.006668177073523446,-0.04627498590153719,0.05441457280693907,0.04915177719707485
0.12657642777174472,-0.011168988036221423,-0.02519053585674452,-0.01898702189696558,0.03869728456063289,-0.011108021615376834,-0.0003884393720019878,-0.01553122044504154
0.08500579157433925,-0.07171698125241176,0.05949442749838955,-0.06324440285840115,-0.061013756205289295,0.024045899663877292,-0.03383156071309063,-0.022689424329495958
-0.004785041205473801,-0.023377262691143912,0.016945943407318267,0.0896361097081198,0.0003847313829788426,-0.020937625993855184,0.04674629861837416,0.03133507588112707
0.06255725608701888,-0.004356069826497742,-0.03674811518817634,-0.025419984535081475,0.01284626962923983,-0.010597581469196997,-0.01956099046880051,0.023533447844135143
0.019232019696980955,0.019090665153976973,0.07276432418522265,0.06331678527869371,0.0033039850630280105,0.013366674477016475,0.005586511336728221,0.019212249190618938
0.11138570568375596,0.002169092835428608,0.06357457374841252,0.04100883561042659,0.0035403411416346153,0.04041460071919727,-0.044806445391081244,-0.08123724158330055
0.03441641453424646,-0.10079480038940146,0.005508535376840827,-0.052500264374256,-0.00796484521401868,-0.0377381540120128,0.023375831597873504,-0.05345697080282772
-0.0310855413489372,0.11070042306307601,0.02669018864832141,0.0021568586127831747,0.02506577737215184,-0.0643682428336491,-0.011197068073680943,0.0018624746659143892
-0.018308915512825947,-0.003798853626762957,0.08204991606619326,0.006323994205939618,-0.06140153506579296,-0.061669348883517015,-0.026899307336017926,-0.013481231814959834
0.014044492814885718,0.0941321982115253,0.09279291108362217,-0.009158722623517588,-0.011246761671003608,-0.0074935323970940024,-0.009049549331216473,-0.00745804459550765
-0.0672001397805469,0.04632992020997948,0.008233139662774527,-0.012730749412113145,-0.022686335687086362,0.038624210797638205,0.012287619942385837,-0.03225642700818464
-0.15749517275112485,0.026540760411443425,0.0792545476342649,-0.005505988869237747,-0.02807504250965466,-0.01634469356987811,0.012420784992794743,0.026797825018778886
0.10662733892278034,-0.1127997385163231,0.10099824120221683,0.02936046398891199,0.03927500366193749,0.023375333291513447,-0.03338306228562343,-5.625569903745855e-05
0.1956038007321711,-0.017241478062513516,-0.056986848043192866,-0.016153870490610255,0.011330647241565314,-0.0032387388834949427,0.0022456998277377393,-0.030380696437299282
0.0953295596470919,0.048542559830283306,0.10703974556569248,0.015511815948304364,-0.003706533897959156,-0.020034900360805942,0.011406065671998596,-0.0423235544599249
-0.019779383647182253,0.011105493088505173,-0.08407487877640787,0.017965841733569732,-0.03204066899763691,0.02758509473395846,0.037204403936653675,-0.0453454886626434
-0.12293347549496939,-0.03996264174708936,-0.02176931330729465,0.060469779073754934,0.018955923173070315,0.028136420764436898,0.049111411121921085,-0.007299535699074481
-0.10773708690458457,-0.03737716406472332,0.003452351732997375,-0.08896226237381133,0.006611518838058115,-0.051305127205755044,-0.02775716535340375,-0.01346930679614052
-0.04587700799778364,0.003543393574157635,-0.058936264338517154,0.030732840573295696,-0.014052097946594316,-0.0031033280634884526,0.03276441179332856,-0.028311426400753598
-0.03126927259750848,-0.08490293995764621,0.02928702101292574,-0.023289114536177827,0.04095926364982303,0.027328645787871444,0.024210605850828074,-0.008664068845760814
-0.1391128454849787,-0.02183847514342852,-0.056980993517270415,0.06491418843671072,0.012904012002469009,0.013861521807969573,0.018690774553506984,0.015459931034720221
-0.13034836844759953,-0.0005623771797138015,-0.05257595806524246,0.010285280528859917,-0.0615043136768593,0.054530387307022386,-0.012205669749519482,0.001642190597638568
0.06944949333238046,-0.11226692051728146,0.020265151881356663,0.0006245644618281206,-0.015563067421763653,-0.02066380195924345,0.04185671389949495,0.014451319185022534
-0.10960783791459525,-0.01524907253255474,-0.060535272355182614,-0.026136621617945787,0.08257482979615068,0.007664340738340309,0.01812872020033178,0.025071324494243156
-0.02998945050925997,0.014357238909035638,0.10406011720546034,-0.09128295240790718,0.026606895446164357,-0.006003367780525126,-0.00482918573523432,0.002046888368567567
-0.06841934031207823,0.04005695380659706,-0.06704304535348125,0.033186716228045386,-0.004961496465044302,-0.013735482750781607,-0.00566688320750653,0.0024600320612660517
-0.04212856958550005,0.010985139073938392,-0.004357762932754006,-0.03938217255734395,0.041287842244438135,0.03357027043101147,-0.023747781285357067,0.03865158613289471
0.1869674432032615,0.12303382780129553,-0.0990807424163917,0.001338717732542181,0.04898628437134135,0.04010176401677617,-0.06644576307654358,0.06570230790765381
0.0008404613705815904,0.02928983475036968,0.018819980650953267,0.011806669212963885,-0.01377625757323059,0.01289931354058064,0.025579159596743853,-0.03861321721691567
0.09766758184693847,0.0040777470560186355,-0.04941226066723761,-0.03904145956545457,-0.003898102134107268,0.018831453862104705,-0.010468291722877485,0.004825512194893185
-0.06942572377415614,0.023445943765404098,0.05073005731732238,0.015182854009956863,-0.06931697314308015,-0.04268208633333239,-0.03974874240683992,0.04099647801742059
0.05459880326217532,-0.00192390136624126,0.09118574977079931,0.055044925959791935,-0.02650774556086316,0.02147444603446348,0.018902927537178725,0.004151647027415196
0.03962685631623855,-0.10830929581807604,0.0531428809484029,-0.053289967731826024,-0.026960544545416982,0.012440490340225202,-1.7894402104855074e-05,-0.044239367995199216
0.09085768261632492,0.09382322478940161,0.011771298507064721,0.015287495896359825,-0.005518355610781061,-0.012537364290360597,0.022134801260967667,-0.021728148373314486
-0.08361965962048308,0.06611973927521932,0.014343531016882549,-0.04234472357049541,-0.07410114442219683,0.028583687911894674,-0.02319986468493619,-0.01310469588256625
0.0645928502132056,-0.09095027818117693,-0.0167506575956336,-0.04348142282153502,-0.013726810152181388,-0.04347140714054601,0.036522047733277094,-0.041597218809313385
0.0633489016433067,0.10902104431755713,0.04017683773981323,0.03530640671418425,-0.013665940186534815,0.0413859573003773,0.00813950107080559,0.040354739784473036
0.10267978234933765,-0.07180948291931763,0.0445755183007819,-0.0035087570091931145,0.005802670221359898,-0.04091924221561514,-0.008883784335205603,0.011435727355874923
0.031049943908740055,0.004153313738774339,0.022490361263746206,-0.06065241447638425,0.013516771641855508,0.03535564248479831,-0.04628616058565763,-0.004575742897337503
-0.1444925782131285,-0.09612149542662671,-0.06465992968419391,-0.011398959621084802,0.06774066083991068,-0.02229815343826011,-0.005735852001597319,0.0025030509337724614
-0.043435817836124054,-0.03986316500872309,-0.010092903162583546,-0.07406782305890289,0.00443533066436091,-0.0272550526788449,0.010303193708103644,-0.017721858123693656
-0.06838727619568799,-0.06295851195141536,0.0002107178988901503,0.01530543927189223,0.0633288091711408,-0.0029027334573055695,-0.05321805815435637,0.05068081379506565
-0.15918048470401983,-0.0031837894103887176,-0.022566149105534887,0.011227559384307468,-0.014552463710559401,-0.07443434567424594,0.03510239600047226,0.00014102204444514766
-0.002660501896861992,0.13441108197932933,-0.019042521900129023,-0.01329335635687159,-0.05691017146302628,-0.02103316120432764,0.03852614429866535,0.04843389509029926
-0.13809280558436574,0.07156324000286021,-0.04902356634001589,0.010523838914964159,0.029353347857603622,-0.00436443475493198,0.06856718529782577,0.010491766338732864
0.19280030569668868,0.10614710632039015,-0.05611330900278324,0.06327924590856919,0.048695767344363164,-0.006730762391807029,0.01670096979005453,-0.04376498697181713
0.09702558437237496,0.027071145500379087,0.011135018232818804,0.07749643146475758,0.01563927251943685,-0.02617648824076528,0.03206530831034768,-0.0023382357619262163
0.073013028892398,-0.04586068329231385,0.1000370453191211,0.062403668237356415,-0.04399080860212075,-0.015301684333094652,0.03412702857252598,-0.008055479154544255
0.19724488457862255,-0.034978341633946246,-0.03454686465213413,0.053633656847264885,0.08254318183277395,-0.017875897158021483,0.020832562459463043,0.009990215937344614
0.04544651509975955,0.03136035955317551,-0.07210864593054588,0.048404453770731014,-0.0489191005512011,-0.049982576066143106,-0.04494409398552648,0.003410654695902471
0.11477316034381235,0.052095644507225744,0.03767516608658593,0.01701812474468459,-0.06348540217811467,0.0156579790553846,-0.02967919367388708,-0.021073815320611398
0.18192659753822177,-0.0488777756696164,0.050256865247332375,0.020994389988441324,0.013020146647342613,0.04106914170197788,0.04595176623142551,0.0314517938973764
-0.06616531678451747,0.03848222276610973,0.030244139092210486,-0.0029398069251559034,-0.015780664672964198,0.03918809595428179,0.031182831690776028,-0.022115954983811158
0.04234975974322403,-0.057128627183586314,-0.03568124932152773,0.14956075216917253,-0.011435044801750114,-0.03235344986314513,-0.07099083494398317,0.05437695735479316
-0.0672043489434256,0.0032559421338264004,0.012411850515892364,-0.05716870503741234,0.056809656824632064,-0.007930212141667704,0.05319584341394811,0.021889806812188838
0.0867697732142318,-0.022889794645301713,-0.05148149311992988,-0.08647743729417122,-0.07258843119878117,0.028016079812983725,-0.06259966402138996,-0.03825987895115619
-0.009862333418354765,0.00212964567877243,0.011116415689663426,-0.004047186005313688,-0.0100688262502468,-0.008540061477575772,-0.0003024750007704379,-0.08908552527760018
-0.13737895000367673,0.10427142088589207,0.08013746869707684,-0.02014991226479217,-0.017167915305866553,0.002131449790309225,-0.059973061113464274,0.0418818286536985
-0.061645867436343656,0.11425123824919041,0.18123544568423183,-0.027138161754944917,0.05366135427487898,0.010673408452062688,0.04076343442549886,-0.01277996190750084
0.11775471226741795,-0.05071405898473547,0.033896026447251065,0.04144844745489766,0.08302085110693126,-0.06915535499308949,-0.015329312241784597,0.026503569088589106
-0.12166598412258837,-0.037770530385649606,-0.06006869796486469,-0.05390557507341732,0.044513412778402095,0.041754825783224384,-0.009290838441994161,-0.007376858378934791
-0.018921383846898555,-0.07058784708360726,-0.02336017798960898,-0.04295235143337454,-0.02800286072241868,-0.040434382626326495,-0.06417425436102779,0.006775170079552281
-0.001376903083073121,-0.014023037281766898,-0.013760673091454963,-0.025509370742105884,0.03407119118793646,0.06183469332755132,0.002940960344739622,0.026146604342682706
-0.1326698566738965,0.03375063560956129,0.0460792471791035,-0.06982214376548136,0.10153672287177466,0.04336599118021521,-0.01741091655090303,0.011552325063930894
0.06647810575830117,0.10819935994037501,-0.038064823292125745,-0.00312889002755709,-0.08669256375726167,0.023870029816083983,-0.035521027620662865,0.016982485157742304
0.16899538481091186,-0.049055499894416446,0.040816818759029226,-0.006942020588359294,0.003110176093707425,-0.015388377714116873,-0.04296856384957901,-0.00816063488613653
-0.10691232579319739,0.1352172477213611,0.06934564362157448,-0.009242221582799536,0.014989526698037261,0.004336398189590114,0.015145476627426765,0.05429127990852394
0.00012148380619670511,-0.06968655594295553,0.08659505816038372,-0.01047864923619444,0.058286643212699996,-0.011129288103987915,0.012337664510878324,0.012160613623721192
0.015423279686456189,-0.07938433600099173,0.03185945594102114,-0.04131903489733333,0.0002546776456550181,-0.020667577480051946,-0.011070958854066606,-0.017087887347990605
-0.11494789236772332,-0.049155805868527365,-0.014139998352133625,0.03441971386238366,-0.06935210742372558,-0.06212474253965177,0.008549240313977479,0.01985983157365898
0.16157404516332885,0.008984715251937612,0.013446954802617738,-0.05226326028336257,-0.033055891979453834,0.018852169015342698,0.07282214763909683,0.014214433900566134
0.007588024381585173,0.0027675853503417304,0.029247868148750508,0.018173128457875925,-0.019878381806209097,0.008871175776580791,0.030093092160503262,-0.04612929426830244
0.026274780844851606,-0.05615896640544005,0.014176874059343446,-0.023542489396559712,0.01782634499003766,0.062429160260234574,-0.00884799605644473,-0.0006802844498764147
0.0904278518682035,0.15104150450406775,0.037631447589949706,0.021485194841943583,0.04211935629785057,-0.044452849046838924,0.04076923763443125,0.009714289313986109
-0.13414179547157046,-0.0032663213570842363,0.061034851636678385,0.021906963636206696,0.015098321756630175,0.057887388840587084,0.026570091468920653,-0.012739981876030034
0.03526100048134486,-0.026934497172717477,-0.0518298882174172,-0.07407830387200974,-0.08926123718306875,0.04116508551623587,-0.03198873911997254,0.01628564376168518
-0.0424980690806646,-0.028659955871729887,0.03344247262009716,-0.06432626312983176,-0.003526841679194333,-0.015240521031322753,0.006764892453136598,0.022082848477259994
0.03143777035903237,-0.0015706833109209774,0.022708511661004557,-0.031358686824761485,0.03973687475911697,-0.028552582320685152,0.01385081536798728,0.028459931579302513
-0.06196424308148796,-0.033898079785638274,-0.0850830968367248,-0.026152589526759213,0.031443006845964384,0.08515151061339324,0.05479845058517018,0.024178616972690053
0.08724609844479353,0.12078715166603263,0.0008735259195554227,-0.02524594331340753,-0.04513388836763541,-0.00650798084162263,-0.03456093811656488,-0.03738208924305168
-0.1227535680277823,0.004151574889651963,-0.006595559832010746,-0.0017978551134736418,-0.018535510210635604,0.0036573519940724854,-0.009827705781002175,-0.035929468787700834
-0.019356560124351933,-0.10328643034327814,0.005061760836467472,-0.050712935029641144,-0.02936927768914714,-0.05066373111181247,0.04014675320984875,-0.008540500443685192
0.07919973259358316,-0.0059791144978489676,-0.08006163029813936,0.03153824575382888,-0.07575667718720008,-0.013618035889104749,0.05783948822912159,-0.03618971970700661
-0.17766687835944367,0.05379635726632083,0.04298800720104077,0.020309698822026077,-0.0016685467841315868,0.07135879596679749,0.011071551784879605,0.059331131201982315
0.1020949307589457,0.15813965656612117,-0.029432471138533155,-0.01382957203857057,-0.0309540078577713,-0.018773883266373134,0.0016506823805251822,-0.006183602208303758
0.01644818351767535,0.05651881716924461,0.025933984132898196,-0.10809897206870134,0.01068296492039621,-0.04292092672306113,-0.04469842799918646,-0.014665817267970217
0.09121214307150895,0.0033744895495436225,-0.12107126549210613,0.029294066057937725,0.03963202745440063,-0.022809809542130754,0.012111722986582796,0.06521336572709346
0.11468245727352852,-0.058538917094553805,0.02558272723237976,-0.008068207607831727,-0.019229022349784342,-0.017298375066946533,-0.03924335160679597,0.020538151058503394
0.06635448899274185,0.0716158936859952,0.052821826142058693,0.005747712125656824,-0.029921377460519566,-0.08499377296933908,0.05856436028138106,-0.0026806142210811213
-0.15173367816603847,0.015066342166659832,0.05343543459608405,0.004508594337297817,-0.018158816226123843,-0.008667022627703698,-0.017115260322613377,0.009822643547955352
0.008854607412003583,0.030824553869544063,-0.0246883748409285,0.08280748883395618,0.06621360937747407,-0.04288706443241094,-0.07666911507016125,-0.020014570678573
-0.02688884508407369,-0.025735747486343212,-0.031214827079420155,-0.08155791820253462,-0.0014898874324001223,-0.03576185363740588,-0.032717195880279264,-0.029887652545408365
-0.02060240436462036,-0.02364609685381758,-0.02019833231680184,0.01361198746010495,0.044630698968503156,0.018883559912362697,-0.021702425695547506,0.07567407965292494
-0.10772163440657835,0.035433171404141206,0.02374862770764597,-0.044207761120445686,-0.07583848366061298,-0.030947417947339982,-3.547667545895713e-06,-0.019659607899174078
-0.11023668276487121,0.005475143653251688,-0.02204095557732827,0.010926055363557419,-0.043222078375158804,-0.03228651062917429,-0.03571276071863897,-0.004067055147533933
-0.09115894933179038,-0.10451556483319949,-0.0007137520589491227,-0.05026848004828986,-0.04355499456354443,0.01581939402358087,-0.008536371643303524,0.018231071852690402
-0.01822613498095308,-0.05028567013723567,0.004947095339472105,-0.05654608643646552,-0.023149427194563275,-0.000744141402730128,-0.01965401153961018,0.009251740214995776
0.03405847048862283,-0.008344066083682853,0.017993189210702316,0.08001745495887667,-0.0489255395753065,0.01987256787198713,-0.03552849804054753,0.03864019323244004
0.02984478665668084,0.019155359474862584,0.028042999883211343,-0.05870147552122198,0.06197425636618151,0.022785235709090582,-0.0056181792073850805,-0.020022844312729396
0.05896878073046732,0.0323122420485892,0.029626087451221986,0.04564092287166113,-0.0035443510703318105,-0.003409363684968001,0.0016388091848822688,-0.016745391619253494
0.08414513338746518,0.056035670873576575,0.09481580131906431,0.02357928632748672,-0.013521076167809457,-0.06258526037545048,0.06176310643076648,-0.0016823767803693396
0.11741311006417682,0.054877343224874586,-0.048378297366238485,-0.10036222332448866,0.017579394437535076,-0.04282233931801466,0.0034325926282352537,-0.06326009825405854
0.021456712888878557,-0.038459085678920944,-0.11087197485910193,-0.047451329451602214,-0.029718572304749204,-0.03154827234866378,0.042079052103003334,0.006777583703732008
-0.0397206638514019,-0.05386367476874478,0.02552470220845212,-0.04427115532370569,0.02491566971568227,-0.01937457077386789,-0.017258166384353145,0.00047454790729352045
0.09485426476754139,-0.006494349090417104,0.013690720621269407,-0.06974118002409253,-0.03452574479907681,0.059349909433058116,-0.011000654140113517,-0.013206241767415543
-0.1760494922299036,-0.014051046504279852,0.025637245376946834,-0.001176372051447862,-0.0312082799521956,-0.03218053196311044,0.013153929567657924,-0.0029677039723580833
0.08505088879769243,0.06737663486094776,0.003192378008127523,-0.03557295066698397,0.04995875241209109,0.0696358761715247,-0.026488262533756152,0.03066353672171395
0.032279706188944816,-0.001496915266208484,0.02935687199697647,0.06104841239827869,0.014647068456129037,-0.01745594672732793,-0.045294702964087934,-0.03257233519893372
0.07987763882562231,0.061152603637016155,-0.00443180093789503,0.005735805326160112,-0.10410568375460459,-0.014090971925364675,-0.05505754927768386,0.007272163948684846
-0.0908242262919716,0.014111639332444952,-0.02344654780644652,0.039116751621323505,0.03874502686961912,-0.0003496820977517007,0.006202421346364937,-0.027500492432041335
0.10924286111882164,-0.013647379491790465,0.03887345181732452,-0.023743585442988734,0.0010920832606700962,-0.042921654322700765,0.015898930721906287,0.03492527529706526
-0.025594066898313204,0.007859512046633195,-0.01723190744298213,0.05501540583595153,-0.0024535106766516578,-0.04241978115568455,-0.013937020346896815,0.001124527818359664
-0.04634524922389567,0.0871042453718637,0.006122917769808458,0.0044157804605087,-0.024226945653023264,0.020850730955576924,-0.017075868587492386,0.018850133927909362
0.07578169518581933,-0.054435008722985026,0.0017194604870061365,-0.004515450969584605,-0.015116589093354546,0.03647654513306702,0.029572995290643316,0.04224720059771529
0.09738297756349695,0.07608819322876448,0.018329637764414666,0.00021024504577116858,0.0015140145065709659,0.04130285097828797,0.017792469697894997,-0.07324196294976172
0.01227635677780718,0.06965734038345807,0.10745042630053574,-0.006964331471513859,-0.03888541288591073,0.0030142585521491243,-0.010531973123601582,0.0009454345284974806
-0.019869060612575266,0.004672379186363016,0.11317012752835393,0.0416411481482152,0.0026893950057585597,0.04878401030853064,0.017893843935256244,-0.0011105222437832346
0.10387672173546925,0.08647179426733888,-0.06617937089921236,0.04531915395981918,0.0026834833027408155,-0.014973922655867609,-0.0016730991580768092,-0.016635072017226693
0.2207086188027387,-0.005605348438923049,0.02797825084604882,0.04340558630880887,-0.07817246873457599,-0.016900678311486735,0.03915585612289267,-0.05182038583723782
0.2151181158943626,-0.10636237837848976,-0.00676994113087189,0.04034732736618787,-0.022432449755700905,0.034629299167372084,0.06083075835567156,0.01618871443089049
0.18408700833090916,-0.03273674233421469,0.0126009462984488,-0.027680751669495497,-0.0459365832612381,0.03592424750906447,0.08521744480773204,0.017048538244698742
0.14739302865399875,0.06375894151554558,-0.047763915626426165,0.02509878066722201,-0.047845178404171906,-0.004883295143327116,0.03197543352849794,-0.034569456640345816
0.1307898387053412,0.05129405744397963,-0.0717173564349775,0.07557887102133992,-0.05885651399506418,0.03447002888627931,-0.010250581603260745,0.03227725623910573
0.05197923527224965,-0.04079180204000452,-0.02004128392113271,-0.04283102076783132,-0.04856677434069604,0.026543775827232823,-0.0033444033179549173,0.02427108768414047
0.05907102130005882,0.034511173075671586,0.07401182963646265,0.048247815883089955,-0.02786730849055943,-0.07805351093468689,-0.058249092345315175,0.01829678083694251
-0.023401995604319683,-0.020433898176927114,-0.023468484911908134,0.08885511411435137,-0.019100882541045982,0.013766095106617651,-0.05203066433684292,0.02889056914997622
-0.04506775408336174,-0.031243339008229527,0.021215825038392172,-0.05261831978499323,0.026773339236657784,0.06798489015789683,0.0010574187398699072,0.0016788878929251884
0.08925403757159,-0.05340137061010891,-0.03336710029366385,-0.02915825294370861,0.019103717525699487,-0.029863601506291408,-0.03059629304285859,-0.040530087891824045
-0.03822272029261365,-0.08678665639876491,0.010797321096019625,-0.07609014508884866,-0.07611059057675305,-0.005903800450283076,-0.029974746029492193,0.0008026448880421021
0.10758983760148756,-0.056318985311016874,0.05907480814850694,0.09407746730401309,-0.01626941527357314,-0.03861301530455823,-0.0014652180320130672,-0.019567917456085205
0.06753730124657296,-0.06696095537408565,-0.0014170716022448946,-0.032729133643130334,-0.011495872440789846,0.014459731832877073,0.015583660575836166,-0.012395206675945361
-0.12554141613031064,-0.07345455433466894,-0.04099076980329498,-0.03938409435987579,0.03877390980293402,-0.006602097588608729,0.004475254181737803,0.0015508715570599523
-0.1004723440707232,0.06555710223592942,0.014484386240128135,-0.018576435464753113,-0.006206337206100192,-0.02797379576030431,0.009637817552886955,-0.016800556667547224
0.19360891039576855,0.053828865096563136,-0.09941297902347479,0.09259889166836492,-0.03396527203668655,0.012255875377901796,-0.020456660589758993,0.00712345574666941
0.056609775223095134,-0.05242467921800519,0.0099385653660301,-0.04586216979514656,0.021734655093966583,-0.019359122390612393,0.026111859846231367,-0.035679380167534504
-0.05393284851888974,0.028980683581169016,-0.08233271203160984,0.02744560900657396,0.005347158647547763,-0.022412424640133006,0.01764922261609969,-0.03027073597841863
0.0382056317699362,0.11053319793617221,-0.008219560668679918,0.012025241495745175,-0.041896298268097494,0.025484583510984815,0.002311064008387248,0.02921114968023933
-0.030506629870568656,0.008948615526780477,0.07570229333711695,0.015126452483534404,0.07026030498555125,-0.055403961785928074,0.03906237947774348,-0.08673005918916755
0.03524491610998238,-0.06154988129779778,0.0319506359616434,-0.022892757427561472,0.02580027755087675,-0.0664736657121307,-0.03129530402427472,-0.0019170959513177272
0.05423653538048725,-0.0416917964099826,0.04415052687742325,-0.05223706688978272,0.008510248694539146,-0.02562859873845328,-0.03130991298818506,-0.024022309282083626
-0.02509839644895118,0.029769829364613594,0.06981039712876412,0.02659592022219694,0.06907603498859222,-0.029903603202177883,-0.020158350459574582,-0.06509248302151294
0.005271686525568457,0.0704826364575328,-0.11789542435552207,0.056119670740051635,0.03949554103926324,0.004042242590055157,0.014551297767517832,-0.01528686906883225
0.06919617756513954,0.03237827239070141,-0.018453957946897297,-0.08091478028756058,-0.04886723219062549,-0.01678693415984132,-0.029178799289960377,0.023155601285567387
0.17861856703635096,0.08616032661543019,-0.05346705156480322,-0.03859934868241616,0.0400934696265161,-0.01225504738929355,0.01745500405463816,0.011978564662932251
-0.031006721593620327,-0.010974893184342192,-0.0309912342339444,-0.06273215627515427,-0.050518874610103424,0.004529983174161514,-0.0010372898485922768,0.056213947802074206
-0.0646785568421957,0.049246003258393664,0.06615206397822179,0.003618035086434492,-0.020787152373653223,0.01161397432057717,0.004741778697320988,0.008293419031300268
-0.07284828033562636,-0.1257771745385813,-0.09213263166567763,-0.06342591257144703,-0.05098441693508474,-0.03744629983620534,0.005405928730496133,-0.03680957358511786
0.1192505619381778,-0.060888702982162944,0.09245419337188021,0.03772122787325662,0.09087335009698395,0.0783172057745852,0.004454730228029654,0.007778314792596572
-0.13344471446695938,-0.08629968198361523,-0.05015476740453562,-0.020331955296512425,0.049028363194348834,0.011802404088350827,0.0014908855508786636,0.009901525305286459
-0.16038278524448235,-0.005826185863504367,0.05731078177033508,-0.07326482830664378,0.002015235945383072,0.03445121475796801,0.030393018340603786,0.07832547730904743
0.046395458722849954,0.07644115113352752,-0.05539475445631355,0.05437638552091851,-0.01726998400247085,0.06927139429324598,0.1203246203516042,0.04263667792865081
0.15534004359294448,0.0636320969069891,-0.020909303104508094,0.0003955974266023139,0.06222399612663969,0.033224180272684575,-0.001232836799226611,0.04400815145885035
-0.03199215691436876,-0.06175018640985562,-0.0311354516279537,-0.009185182559032824,0.07119724315759916,0.02314950064984767,-0.008960864246761872,-0.011116689434364021
-0.0382222036759457,0.014767396730094196,-0.04261104206811458,-0.06697538319929178,0.019663494296714948,-0.04524500206453488,0.014524481738366388,0.020285516222190617
0.0039540131462071585,-0.060930217244872034,-0.027016585140566738,0.030467578323288187,0.056538090141244564,-0.04597420573846768,0.04212746996655557,0.06290513426686696
-0.14998541753543232,0.027610378164558077,-0.0037486047656620732,-0.024457602930982952,-0.006776229225580907,0.002300447746233387,0.005479712340584544,-0.04551502051932548
0.08367777230079672,-0.03200270897593732,0.020868661931507618,-0.04000950311702559,0.0007037802479127424,0.028140454318497442,-0.013330839443261253,-0.010428644180172537
0.016757153988364686,-0.009238697726302484,0.04251299384596137,0.04423126002949897,-0.019860771435164806,0.016065101924883297,-0.006443879615506552,-0.02350320532781718
-0.09259785860914661,0.0012665840500740017,0.10618429932344609,-0.0016769964696548053,-0.007953928855289723,0.004419797504244059,-0.04158678445861797,-0.03766110379781257
0.06321799276008873,-0.09354853193098686,0.07038661345819368,0.02161852253584715,0.04011712527620426,-0.029815909865482965,-0.046130161878882726,0.01823054571171369
0.006970332011646336,-0.09429892491933749,-0.05467254959997228,-0.007166617584850765,0.017469734369981053,0.031222474644910434,0.028667679480065027,-0.008279421904568238
0.06428302825443764,-0.0504162239373578,-0.016462627542470465,-0.022283835140997712,-0.007056584183970478,0.08523583467606935,-0.031283844698197276,-0.0017095126679082524
0.03334291257021267,0.02202485191341213,0.034489169675725954,0.012837040644447814,-0.05248028548996396,0.09279696490760309,-0.00033861704599899084,-0.032220830671285644
0.14753511867840716,-0.035567892200046344,-0.05044683668355758,0.07195244032159173,0.03903306806827508,0.002242956382400627,-0.045194344341193696,0.07939847712477927
0.1292807371339236,-0.03282784149346927,0.004891784028676055,0.06014714795000884,0.048147935063108944,-0.044607196499157946,-0.07891362137170008,0.0762885828135293
0.09517062970427975,-0.039037597094559354,0.0011595663152869475,0.00536101753887389,0.017994277941561814,0.0795110119703158,0.03463905972166933,0.03128036084415185
0.006485978186749107,-0.02487545138628281,-0.026632339937691457,0.060754731536464275,-0.03992339590083674,0.012601842742526723,-0.04139007944904215,-0.012260270652649648
-0.12762772527775626,0.07687094168004621,-0.0020909400652658564,-0.032241392892235,-0.03661479879393391,-0.028269799113651628,-0.0005853480934296958,0.003702593112506195
0.10024620748155691,-0.013314666761198994,0.030357276891135564,-0.030825285567942153,-0.01705229503775483,-0.012135633292070376,0.10582326079686435,0.0520457999875526
-0.018498273350627082,0.014428772894232096,-0.030936732549643433,-0.04444705792613314,0.037952293353079286,0.0038938644548100415,0.005020648774401522,0.027588263010092137
-0.10460097540362133,-0.045163492326836675,-0.005936012336186736,0.058721522958201065,0.026568876925354614,0.020556926166334085,-0.006857685221641317,-0.032743176744041584
-0.15208618868304769,-0.02772524376214781,-0.06931821257924455,0.06709742453355196,0.008438849788209595,0.001528963784098825,0.047683336575511784,0.025533168287118862
0.07616808948970634,0.00981966371152165,0.08190109346674496,-0.055962617509514416,0.050421283375022635,-0.015448749891862427,0.03593790042856407,-0.010854044690566401
0.15857061174384574,0.11547538445494532,-0.07098606015303548,0.04998216052448619,-0.0042931948221120895,-0.042299595988628876,-0.018633135089228814,-0.002602725710523149
0.07387932382603607,-0.024883364168719592,-0.0653837423062156,-0.04435454195617591,-0.006125548653367784,-0.07549641242703531,0.02014415344692294,-0.006910000858122835
0.0393544206054635,-0.04213106960670988,-0.04425004641423146,-0.03452439345676034,-0.016178253070689815,-0.03586103987029719,0.020002806632524187,0.017444146669160734
-0.14186102003474876,-0.07894547699525155,0.08877319112220546,0.02561093979137436,-0.01284474713058949,0.038738079146453455,0.004452353436622356,-0.04118202551669444
-0.055822439663584994,-0.050365004643054254,0.060478312521793365,0.03203051221003696,-0.00050869504739856,-0.05688611745533571,-0.014161250748573127,-0.053824336259327345
-0.09148363022936724,-0.045980388854754355,-0.11135617142929366,-0.04672771703397791,0.00393982562446938,0.027734692286450206,0.04091787320309452,0.014607184166386405
0.042969611471088104,-0.06114397140095588,0.049507372171064046,0.08860372553347366,-0.09006275892767485,0.02167076732801364,0.028446859261512875,0.05373398986708871
-0.045440655307923544,-0.03831583043136928,0.01672499195764618,-0.048993462411484,0.010220091131724581,0.023456786783750926,-0.004812095630071501,0.017376984621323213
0.0578448153371018,0.09911172359667215,-0.015873252134981433,-0.08432091560799128,0.01971193757904825,-0.02884631203100646,0.025501788486890654,0.033107495986492166
-0.05347518892828722,-0.07985771813178051,0.06060921215656378,-0.04883499824224945,0.019279770455361916,-0.014858530411599846,0.014383856540686621,-0.005671944226828649
-0.07218303405906876,0.043572272608996584,0.03903530806658111,-0.006545035016584059,-0.023297885170059533,0.02058623709594988,-0.003910632917117438,-0.01577715752921599
-0.1138334347218921,-0.018413494358032384,-0.08301716740731128,0.03259089441724826,-0.021379214394973724,-0.057925331966942474,-0.06405874838495534,-0.02514027559696431
0.02717583350897295,-0.035625082071147854,0.031106209322992833,-0.06294439581467717,-0.004576735006827179,-0.042880686620321296,0.0532362344570552,-0.0012729676423885814
-0.0987145508522231,0.013549900577330456,-0.0394268742564661,-0.048842088545038104,-0.0007487412479589585,-0.0436155023302456,-0.026086213044463354,0.08421393550271065
0.13734416173745037,-0.07384683299592056,0.04205852637017125,0.035496684572816996,0.020531414199892514,0.03050565378829551,0.028815973544713006,0.040729258595596486
-0.1626782222551526,-0.0019855431120646863,-0.03121078880354387,-0.010706282532303612,-0.031957375942594984,0.002105917212988523,-0.013937969355429706,-0.03319112921027288
0.012067687729995252,0.014421176082202886,-0.022650323285533548,-0.04580328847374617,0.0613597931342707,0.06594966960172906,-0.04105291594484251,-0.018115518768036035
-0.1118486876356255,0.01334523933027589,-0.041465200848272106,0.03100110616520191,0.015716143411997598,0.026698460080274072,0.0034770953910396732,-0.019634344321795567
0.10667857490570279,-0.05368164177253639,0.024173189990080952,0.07343668378608935,-0.061983522109128976,-0.005879902293971127,0.10833286703403905,-0.0048436268279306
-0.049170267686982884,0.014562958749126496,-0.04127713090979673,0.06327576720401316,0.003497000372950213,-0.015067640233981886,0.043767172913960116,0.025061536681451623
-0.13539522093866432,-0.05864294448589336,-0.038806672549801045,-0.030937786351991958,0.0718467873254621,0.0056323260071711855,-0.030621777696150657,-0.0022236434151652403
-0.029061483389811724,-0.03726757056397876,0.04651135422143821,0.03260980596141218,-0.08568426600932133,0.028816039617829123,0.012539297242983824,0.011645564708705671
0.010520975945686453,0.061479813707909954,-0.030870874437820373,0.031479605499388365,-0.0397673803702558,-0.05230451073009371,0.03167880126256008,0.032471790532344016
0.07669286705062259,-0.02218270384115975,0.05265634384317259,-0.03866833137585044,-0.00011032226388270614,-0.014127843817064287,0.010931876651477402,0.01904537398246574
-0.046692347468097306,0.010222825178314902,0.09563090328679517,0.05267450355346143,0.07112632180776607,-0.039835089944611816,-0.004473435024889724,-0.024977093043275795
-0.1217865298286519,0.0290957507886793,0.05903121337477222,-0.00035182238760801833,-0.035418124384908205,0.07061450507923259,-0.03183564281984655,0.008071408605070694
0.09104916978137469,-0.039888094012514405,-0.010788452859977947,-0.08627305911102973,-0.09708362859392689,0.023590441307342166,-0.010934218926167426,-0.01577871017484861
0.046170630442692255,-0.027847511591122413,0.02291730924196312,0.11319245278398421,-0.009541518025122169,0.00947371956209741,-0.01659440560566464,0.039246586413470994
-0.03019324199172664,-0.025071074825565868,0.06538145156353019,0.060870379129476744,0.03966098248086027,-0.04573669267695941,-0.013964291017287127,-0.03200900153257717
0.031336287232238115,-0.1875341394029133,0.08518531657540415,0.04156656397957952,-0.006346809144923639,-0.09350692067393565,0.004429292045584357,0.03678407161410014
-0.18603771275152337,0.033839466557154835,-0.08123652914689541,-0.005890933759229174,-0.020662310583658455,-0.04477308914584963,0.039453691806640004,0.006322025856733074
0.033257390791073684,0.01759863670108385,-0.021266827165622792,0.05064951552178085,-0.04540298696102705,-0.032943057845607616,-0.11035323458368333,-0.0023505556908513105
0.08713412359097439,0.024392673137690876,0.07486980107835484,-0.008264041502570464,-0.02317623001608888,0.012435219053215606,0.07969816606718644,-0.08039874332850463
0.10644176744103064,0.012232948964758891,-0.06998974160366439,-0.024389126302656126,0.07207581835192636,-0.011448711945179664,0.040787871568773205,-0.027582734816035105
0.06496148375619051,0.012695342740293072,-0.05544693736746876,-0.03801087152189431,0.012797136190847547,-0.018159099536647606,0.07015898784740836,0.02790097059122133
-0.1178574270664417,-0.04205888378732056,0.04544544627336743,0.057432913198328,-0.029247086459514182,-0.030946876314244646,-0.060214729201741986,0.029685146538572876
0.08509202755380242,0.013571145529447218,0.11492818415227629,0.04569927056447942,-0.016577826519531578,1.06916116360374e-05,-0.05816270706981515,-0.02185476027432658
-0.05884695642279323,0.054723523792178076,-0.0006759488141384988,0.03858403196599122,0.03249556786318412,0.032584040879794,-0.03345112327435105,-0.004734773469445144
0.17844527717434447,0.07525417233291251,-0.0473075133606874,-0.07368329017330506,-0.03983799755793035,-0.023790214121021388,0.0034244822243451917,0.01660797342834517
0.05436824138761641,0.031521280053764915,-0.07895406489990704,0.036417065911931286,-0.05043656622461622,0.001485948772814766,-0.012241724700703751,-0.018763524330180324
0.04908091023058326,-0.015002449001514663,0.050785469133115616,0.07358534589908018,0.06307670009397716,-0.03544180365914374,-0.03998928915550183,-0.06535876141549346
-0.05129589996519113,0.009364890553283689,-0.03848732515547446,0.07796627754735913,0.0017416877691770114,-0.003024847124619081,-0.0860440672282665,0.02506254223855232
0.019231205821583566,0.16066715739301307,-0.01166190308920311,-0.018117989337030908,0.006083237557137715,0.0107428051539626,-0.025234696095845926,-0.009325212577068157
-0.13683961927638288,-0.020686045162492037,-0.008522708652030227,0.005261889756531904,-0.03182046506798649,0.03185350162171858,-0.024269013642426455,-0.034925615156162305
0.03240507534313144,0.011849687838715038,-0.014110314158356925,-0.0033915893788683373,-0.041917249494353034,0.04028016075714235,-0.02910107962710656,-0.08564429889255122
0.12474514711892631,-0.009651644663934693,-0.023870828765375093,-0.034336719174590455,-0.011988925869774583,-0.010527099918512327,0.015500161304670102,0.00840380905522855
0.08383107312737169,0.045028207560050625,-0.015405435947277857,0.02752140051079451,0.12646805523555837,-0.031559438206872896,0.0017989692693783546,0.053375158129515224
0.10406602801501118,-0.0021828190735686133,-0.096484512373034,-0.06706446213926286,-0.0020567160485304528,-0.04757064788357186,0.046265672864346526,-0.04422286799794561
0.04561734507089451,-0.05868721024516003,-0.03363289854541198,-0.015215320707093445,-0.012281958150323622,0.020257341660219034,-0.006066450441141822,0.020035795292876312
-0.19721963028166126,-0.056060723747098314,-0.022642445980511402,0.05764773673889837,-0.015993926033408743,0.02940604658866864,0.02461865267450054,0.03104479611116792
0.13655008392746137,0.01694452971170068,-0.004353418280750855,-0.06089242529223113,0.011200605111857715,0.058284086203158204,0.009978473617842933,-0.03637089121584741
-0.0669370328603434,-0.09387988915468863,0.015915733597701518,-0.010717610464328281,0.0358366150079752,0.03548304057195967,-0.03894598378908989,0.00861905745218623
0.17959768907926021,-0.04101450603516272,0.0881273915528097,0.012895050023542623,0.029424114216454127,0.0426550797847792,-0.030814216296982767,0.010311655158105795
-0.051653510695436056,0.10337850766777198,-0.028880668843125498,0.00673251896348472,0.027513572213751437,-0.0068177117558217894,0.006061280965633138,-0.007059319650608193
-0.0044517962128161614,0.050791516157899654,-0.07855123995662255,-0.004101050400658998,-0.04518819578344191,0.010763307664230094,0.011108222144581952,-0.041057186965624194
-0.040553226115613995,-0.03712901114671245,0.07775351986582521,-0.07617148321050991,-0.017139994038697443,0.0001342995414387141,0.007675951504755136,0.016645683094913745
0.1105308289503557,0.04963356168656846,0.02265199036604863,0.06730593991846215,-0.014968339391102687,0.06442308183716561,-0.03493613383015949,0.005804916464036475
-0.09149157673025482,0.1320929947716783,0.01369237341987696,-0.018349357084237336,0.03129811902078085,0.03186545955198674,-0.007131890386888429,-0.0021042627286540754
-0.0289007533612954,0.041125552812496115,0.046594754078963116,0.010098052062477294,-0.0008042324765365268,0.012535144717030664,-0.042881849169128954,-0.033088123685376704
-0.056272738586761795,0.01395708262540578,-0.04506301577933238,0.012882632098609681,-0.031385872341209334,-0.018833770153587177,-0.009790954183496427,-0.029243952705511896
-0.17899936363801533,0.0553236086289716,0.0010768512344219068,-0.0006631772045617567,0.02072071096894662,0.024615398848709714,0.011475227116249659,0.004295491998144773
0.05895849169077652,-0.04927537317998315,0.044173315252322404,-0.03121539468169931,0.009718289556459586,-0.02280135858560006,0.018761151414279708,0.006016088269679935
0.060154516098378304,0.0362113927483984,-0.08324899984073039,-0.05391422428437255,-0.004471799025736657,0.04630134157187611,-0.0558210430111902,0.008582652117399357
-0.00976257295756109,-0.057337241500681445,0.02359604329976375,-0.06437226077311162,-0.006739327259883236,-0.0021541761405806706,-0.030225306370809335,-0.02338732965241196
0.03295628785624576,0.009994243487196587,-0.0413212608078845,0.07690284151891857,0.005691131236518422,-0.02648904395343256,0.025956423156298012,0.003742215899322499
-0.0905608886545618,0.18910814439065135,-0.0023012531657029362,-0.010493420932453349,0.02853071353191695,0.07834495018515929,0.011666063981186046,0.05638255716905722